comment,clean_comment
"Akhirnya setelah perjalanan panjang! semua ending akhirnya ter ungkap!

Join discordku Motionime: https://discord.com/invite/motionime
Join Server GTA RPku: https://www.instagram.com/motionlife.roleplay/

Follow Instagram ku: https://www.instagram.com/windahbasudara/?hl=en
Festival Motionimefest: https://www.instagram.com/motionimefest/
Toko top up game ku Windah Topup: https://windahtopupstore.com/","akhirnya setelah perjalanan panjang semua ending akhirnya ter ungkap

join discordku motionime 
join server gta rpku 

follow instagram ku 
festival motionimefest 
toko top up game ku windah topup"
"seseru ini dibilang ngebosenin, kalian ga mikir kali ya seffort apa bung windah namatin semua ending dan seenak jidat klean bilang ini game ngebosenin",seseru ini dibilang ngebosenin kalian ga mikir kali ya seffort apa bung windah namatin semua ending dan seenak jidat klean bilang ini game ngebosenin
"Bang, menurut gw bukan maksudnya hubungan pernikahan itu gak penting tapi yg dimaksud Hinako itu adalah jika hubungan ayah dan ibu yang tidak ada ikatan darah saja bisa sekuat itu, kenapa kita sebagai anak yang mempunyai ikatan darah bisa kalah sama ikatan dengan orang yang tidak ""sharing the bloodline"" gitu, jadi bukan maksudnya Hinako menyepelekan ikatan pernikahan, tapi yang ia maksud malah sebaliknya dari itu",bang menurut gw bukan maksudnya hubungan pernikahan itu gak penting tapi yg dimaksud hinako itu adalah jika hubungan ayah dan ibu yang tidak ada ikatan darah saja bisa sekuat itu kenapa kita sebagai anak yang mempunyai ikatan darah bisa kalah sama ikatan dengan orang yang tidak sharing the bloodline gitu jadi bukan maksudnya hinako menyepelekan ikatan pernikahan tapi yang ia maksud malah sebaliknya dari itu
"Gue nontonin semua setup Silent Hill f di channel keduanya dari awal (mind you, Windah live setup di jam-jam anomali), dan amazed bgt lihat hasilnya di channel pertama. Dedikasi Windah gak maen-maen emang. GG kata gue mah. Thank you atas hiburan berdedikasi ini. W game, W Windah â¤",gue nontonin semua setup silent hill f di channel keduanya dari awal mind you windah live setup di jamjam anomali dan amazed bgt lihat hasilnya di channel pertama dedikasi windah gak maenmaen emang gg kata gue mah thank you atas hiburan berdedikasi ini w game w windah
"Dari sini kira belajar bahwa mental anak berubah itu diawali dri sikap ortu kpd kita, makasih bang windah, sudah effort demi kita, W windah, jangan lupa istirahat bang",dari sini kira belajar bahwa mental anak berubah itu diawali dri sikap ortu kpd kita makasih bang windah sudah effort demi kita w windah jangan lupa istirahat bang
"Kalo dri jurnal2 yg di dpt, si Hinako ini bukan gadis biasa, tapi gadis yg punya kekuatan spesial krna lahir pas bulan biru. Di jurnal (puzzle pintu) jg diceritakan ada 2 dewa yg pertarungannya abadi yaitu dewa pedang (ashura) dan dewa rubah. Nah si dewa rubah ini pengen kekuatan nya Hinako supaya bisa mengalahkan si dewa pedang, that's why dewa rubah memperalat Kotoyuki buat menikahi Hinako. Di sisi lain, dewa pedang tau rencananya dewa rubah, makanya dia pengen mencegah pernikahan lewat boneka merah dan Shu. Di scene akhir Hinako bilang kayak ada yg mempermainkan dia, ada yg pengen pernikahan ini terjadi tapi ada jg yg pengen mencegahnya, turns out dewa pedang dan dewa rubah lah yg mempermainkan Hinako.",kalo dri jurnal yg di dpt si hinako ini bukan gadis biasa tapi gadis yg punya kekuatan spesial krna lahir pas bulan biru di jurnal puzzle pintu jg diceritakan ada  dewa yg pertarungannya abadi yaitu dewa pedang ashura dan dewa rubah nah si dewa rubah ini pengen kekuatan nya hinako supaya bisa mengalahkan si dewa pedang thats why dewa rubah memperalat kotoyuki buat menikahi hinako di sisi lain dewa pedang tau rencananya dewa rubah makanya dia pengen mencegah pernikahan lewat boneka merah dan shu di scene akhir hinako bilang kayak ada yg mempermainkan dia ada yg pengen pernikahan ini terjadi tapi ada jg yg pengen mencegahnya turns out dewa pedang dan dewa rubah lah yg mempermainkan hinako
"Bener bener mind blowing sih ini, yg aku tangkep tentang dunia silent hill ini orang yg kejebak pasti orang2 yg punya trauma mendalam dengan pikiran negatif, awalnya curiga why shu bisa kejebak di dunia kabut padahal orangnya keliatan kyk ngk punya pengalaman buruk dengan orang sekitarnya beda sm yg lainnya but siapa sangka ternyata selama ini dia membawa dosa yg harus diperlihatkan di dunia kabut, ngk espek sumpah dia yg ngasi redpillğŸ˜­",bener bener mind blowing sih ini yg aku tangkep tentang dunia silent hill ini orang yg kejebak pasti orang yg punya trauma mendalam dengan pikiran negatif awalnya curiga why shu bisa kejebak di dunia kabut padahal orangnya keliatan kyk ngk punya pengalaman buruk dengan orang sekitarnya beda sm yg lainnya but siapa sangka ternyata selama ini dia membawa dosa yg harus diperlihatkan di dunia kabut ngk espek sumpah dia yg ngasi redpill
"Keren banget public speaking dan susunan penyampaian kontennya bang windah, bukan cuma live stream, tapi ini kualitas profesionalitas streamer yg bukan mainâ€ di tingkat pro streamer juga hanya beberapa yng sanggup begini",keren banget public speaking dan susunan penyampaian kontennya bang windah bukan cuma live stream tapi ini kualitas profesionalitas streamer yg bukan main di tingkat pro streamer juga hanya beberapa yng sanggup begini
"Ending UFO nggak lebih dari pemanis wahhh soalnya bikin kita balik ke kenyataan kalo masa SMA itu ada seru nya juga. Momen hangat saat bercanda itu masih nyata. Semua moral reality di game ini diambil semua. Fiks, aku bakal jadi fans terberatnya Ryukishi07 si penulis. Hampir nggak ada plot hole dalam skrip nya ğŸ”¥â¤ï¸",ending ufo nggak lebih dari pemanis wahhh soalnya bikin kita balik ke kenyataan kalo masa sma itu ada seru nya juga momen hangat saat bercanda itu masih nyata semua moral reality di game ini diambil semua fiks aku bakal jadi fans terberatnya ryukishi si penulis hampir nggak ada plot hole dalam skrip nya
"u can't spell windah without W!! makasih bang udah mainin semua endingnya!

ini teori receh ku ya kenapa hinako bisa bilang yg intinya ibunya dengerin ayahnya yg hanya terikat oleh pernikahan, dedangkan kita darah dagingnya gak dengerin. alesan hinako ngomong ky gitu ((menurutku)) karena hinako tuh anggep pernikahan itu kekangan dan penyiksaan juga, berkaca dr pernikahan orang tuanya. bapaknya abusive, ibunya ky pasrah aja gitu gapernah ngelawan. jd hinako ky mengkerdilkan nilai pernikahan, ya dan emang bener menurut pandangan hinako.

terus yg ending alien itu ada karena shu sm hinako kan sering main space wars barengğŸ˜‚ tapi seru sihh ending UFO","u cant spell windah without w makasih bang udah mainin semua endingnya

ini teori receh ku ya kenapa hinako bisa bilang yg intinya ibunya dengerin ayahnya yg hanya terikat oleh pernikahan dedangkan kita darah dagingnya gak dengerin alesan hinako ngomong ky gitu menurutku karena hinako tuh anggep pernikahan itu kekangan dan penyiksaan juga berkaca dr pernikahan orang tuanya bapaknya abusive ibunya ky pasrah aja gitu gapernah ngelawan jd hinako ky mengkerdilkan nilai pernikahan ya dan emang bener menurut pandangan hinako

terus yg ending alien itu ada karena shu sm hinako kan sering main space wars bareng tapi seru sihh ending ufo"
1:13:30 ( karena cinta adalah hubungan antara pemberi dan penerimaan dan saling memberi saling menerima ) COD,karena cinta adalah hubungan antara pemberi dan penerimaan dan saling memberi saling menerima  cod
"aku ada teori lagi bang. kenapa di dunia genjutsu si Hinako pasrah, tangannya diganti tangan musang, badannya dicap, dan pakai topeng. itu menggambarkan seandainya dia milih menikah, yauda dia harus nurut apapun yang diperintah bang, makanya dia cuma bisa pasrah. bahkan kehilangan jati diri, dari Hinako dunia asli sampe jadi Hinako musang. makanya di ending menikah itu, Hinako asli sama Hinako musang berantem. dan yang Hinako asli dimusnahin sama si musang. tersisa Hinako musang yang ngelawan Shu. thats it jadi ending menikah.",aku ada teori lagi bang kenapa di dunia genjutsu si hinako pasrah tangannya diganti tangan musang badannya dicap dan pakai topeng itu menggambarkan seandainya dia milih menikah yauda dia harus nurut apapun yang diperintah bang makanya dia cuma bisa pasrah bahkan kehilangan jati diri dari hinako dunia asli sampe jadi hinako musang makanya di ending menikah itu hinako asli sama hinako musang berantem dan yang hinako asli dimusnahin sama si musang tersisa hinako musang yang ngelawan shu thats it jadi ending menikah
sdikit kecewa gua. yang bilang ngebosenin dia udh cape cape nyari ending lu ngatain ngebosenin omakkk,sdikit kecewa gua yang bilang ngebosenin dia udh cape cape nyari ending lu ngatain ngebosenin omakkk
"proud of you bang, makasih banyak udah nurutin kemauan bocil"", padahal kalo ngulang, bener"" jauh dan lumayan bikin pusing, W windah, keren, ga salah kita support dan dukung kamu bang â¤",proud of you bang makasih banyak udah nurutin kemauan bocil padahal kalo ngulang bener jauh dan lumayan bikin pusing w windah keren ga salah kita support dan dukung kamu bang
"1:49:28 Mungkin gini bang ikatan pernikahan memang suci & sakral tapi masih bisa dipisahkan, beda sama ikatan orang tua dan anak semisal maut memisahkan ikatan itu masih utuh bang tapi tau yak",mungkin gini bang ikatan pernikahan memang suci  sakral tapi masih bisa dipisahkan beda sama ikatan orang tua dan anak semisal maut memisahkan ikatan itu masih utuh bang tapi tau yak
"Aku gamau jadi bocil teori atau bocil debat dulu bang, itu biarkan BDHJ aja.

Aku mau jadi bocil appreciate aja dulu. 
Jadi makasih banyak bang sudah rela dan berjuang membuka semua ending serta menjelaskan ceritanya yang rumit walau kurang setuju kenapa hinako bilang ibunya aja mendengarkan walau ikatan pernikahan kayak meremehkan pernikahan

Anyway GG dan W bang Windah. BIG RESPECT
Memang bang Windah streamer terbaik, tereffort, terniat, terjago, terpintar, terepic, terjelas, termantap, terkeren, terganteng, terberotot, termerdu, terkuat, tersempurna, dan ter ter lain pokoknya ambil aja dah bang.
Oh iya ter satu lagi yaitu TERIMAKASIH bang Windah â¤â¤â¤â¤ kita cinta bang Windah

Note : Konatsu Kato (Hinako real) cakep yak","aku gamau jadi bocil teori atau bocil debat dulu bang itu biarkan bdhj aja

aku mau jadi bocil appreciate aja dulu 
jadi makasih banyak bang sudah rela dan berjuang membuka semua ending serta menjelaskan ceritanya yang rumit walau kurang setuju kenapa hinako bilang ibunya aja mendengarkan walau ikatan pernikahan kayak meremehkan pernikahan

anyway gg dan w bang windah big respect
memang bang windah streamer terbaik tereffort terniat terjago terpintar terepic terjelas termantap terkeren terganteng terberotot termerdu terkuat tersempurna dan ter ter lain pokoknya ambil aja dah bang
oh iya ter satu lagi yaitu terimakasih bang windah  kita cinta bang windah

note  konatsu kato hinako real cakep yak"
"Ikatan pernikahan bisa bercerai, putus dan berpisah namun ikatan darah sampai kapanpun tidak akan putus, mau sejahat apapun orang tua pada akhirnya mereka adalah orang tua kita diluar kita memaafkan mereka atau tidak, mungkin itu yang hinako maksud, karena gwe juga lumayan relate sih",ikatan pernikahan bisa bercerai putus dan berpisah namun ikatan darah sampai kapanpun tidak akan putus mau sejahat apapun orang tua pada akhirnya mereka adalah orang tua kita diluar kita memaafkan mereka atau tidak mungkin itu yang hinako maksud karena gwe juga lumayan relate sih
terimakasih bang untuk kerja kerasnya sudah set up semua ending dan mengungkap semua ending game silent hill f. jaga kesehatan ya bang.,terimakasih bang untuk kerja kerasnya sudah set up semua ending dan mengungkap semua ending game silent hill f jaga kesehatan ya bang
MUNGKIN INI BANYAK BANGET MENYENGGOL TRADISI ATAU PENGANUT PERJODOHAN DIJEPANG SANA. MAKANYA ISU INI DIANGGAT DAN DIMASUKKAN KE PLOT GAME. gilak seru sih problem kehidupan dimasukan game tuh keren,mungkin ini banyak banget menyenggol tradisi atau penganut perjodohan dijepang sana makanya isu ini dianggat dan dimasukkan ke plot game gilak seru sih problem kehidupan dimasukan game tuh keren
"Betul bg,inti dari segala inti dari cerita ini,di dunia genjutsu si MC itu adalah     pilihan kita/menentukan pilihan kita,dan semua monster yg di lihat MC itu adalah isi pikiran dia yg sangat kacau,dan isi pikiran si MC ada 2, adalah mending pasrah menikah atau  GK mau menikah karna dipaksa memaksakan.

Dan pas udh di dunia asli  di end,dia akan menentukan pilihanny.
Wow ceritanya kerenÂ²,terima kasih bg windah sudah niat menamatkan semua ending,sehat slalu bg windah ğŸ’ª","betul bginti dari segala inti dari cerita inidi dunia genjutsu si mc itu adalah     pilihan kitamenentukan pilihan kitadan semua monster yg di lihat mc itu adalah isi pikiran dia yg sangat kacaudan isi pikiran si mc ada  adalah mending pasrah menikah atau  gk mau menikah karna dipaksa memaksakan

dan pas udh di dunia asli  di enddia akan menentukan pilihanny
wow ceritanya kerenterima kasih bg windah sudah niat menamatkan semua endingsehat slalu bg windah"
Bang main zzz bang,bang main zzz bang
W bg terima kasih sudah menyelesaikan semua ending dengan penuh perjuanganâ¤ï¸â€ğŸ”¥,w bg terima kasih sudah menyelesaikan semua ending dengan penuh perjuangan
"bg main jangan bangunkn brainrots di roblox , game nya seru",bg main jangan bangunkn brainrots di roblox  game nya seru
ğŸ‰,
"klo statement hinako yg masalah ibu nya itu terikat hubungan pernikahan, mungkin maksudnya gini bng, ibu yg hubungan pernikahan aja masih mendengarkan ayahnya, walaupun misal dia tidak mendengarkan kemudian minta perceraiannya kan kelar hubungannya, tp dia masih mendengarkan ayahnya, klo hinako hubungan darah itu tidak bisa terpisahkan oleh apapun hubungan mreka dengan ayah mreka, jd lebih kuat hubungan darah daripada hubungan pernikahan.

itu dia membandingkan hubungan, bukan merendahkan pernikahan.
mungkin gitu ğŸ™","klo statement hinako yg masalah ibu nya itu terikat hubungan pernikahan mungkin maksudnya gini bng ibu yg hubungan pernikahan aja masih mendengarkan ayahnya walaupun misal dia tidak mendengarkan kemudian minta perceraiannya kan kelar hubungannya tp dia masih mendengarkan ayahnya klo hinako hubungan darah itu tidak bisa terpisahkan oleh apapun hubungan mreka dengan ayah mreka jd lebih kuat hubungan darah daripada hubungan pernikahan

itu dia membandingkan hubungan bukan merendahkan pernikahan
mungkin gitu"
bng lo ketemu andra st tah bang,bng lo ketemu andra st tah bang
"Bang Mainin Friday Night Dustin Dong

FNF + Undertale

Bagus Banget bang

Grafiknya Ultra Hd
Usah Gitu ada animasinya

Animasinya banyak dan keren keren","bang mainin friday night dustin dong

fnf  undertale

bagus banget bang

grafiknya ultra hd
usah gitu ada animasinya

animasinya banyak dan keren keren"
"Halooo banggg selamat siangggg gimana udah istirahat belum cukup nggak istirahat nya kalo belum istirahat yang banyak biar nggak sakit hehe sekarang waktunya ku tontonnnnnnnn
Hehe salam dari sakinah 
Kepada bang windah ğŸ˜ŠğŸ˜Š","halooo banggg selamat siangggg gimana udah istirahat belum cukup nggak istirahat nya kalo belum istirahat yang banyak biar nggak sakit hehe sekarang waktunya ku tontonnnnnnnn
hehe salam dari sakinah 
kepada bang windah"
Makasi bang windahâ¤ vidio nya,makasi bang windah vidio nya
bang coba main ghost of yotei,bang coba main ghost of yotei
Gg bang gua bangga sama kamu karna udah berusaha mendapatkan smua endingâ¤,gg bang gua bangga sama kamu karna udah berusaha mendapatkan smua ending
"Gw nonton bagian New Game++ langsung Flashback dalam hidup gw, gw seorang lakiÂ² dan juga seorang Ayah, gw selalu merasa takut suatu saat anak gw jadi korban ke egoisan gw, gw takut pilihan gw membuat kita renggang, banyak hal yg gw takutkan menjadi seorang Ayah",gw nonton bagian new game langsung flashback dalam hidup gw gw seorang laki dan juga seorang ayah gw selalu merasa takut suatu saat anak gw jadi korban ke egoisan gw gw takut pilihan gw membuat kita renggang banyak hal yg gw takutkan menjadi seorang ayah
BG windah kapan main geme modren warhip lagi naikin levelnya udh gak susah lagi,bg windah kapan main geme modren warhip lagi naikin levelnya udh gak susah lagi
Request game Triple A Ghost Of yotei bang,request game triple a ghost of yotei bang
"Bang,coba main keep diging",bangcoba main keep diging
"bang yg menit 52 itu tu kakanya hinako, kan ada bunyi loncengnya, trus mukanya kekupas full sama kaya topeng kakaknya full face, kalo hinako kan topengnya setengah bang",bang yg menit  itu tu kakanya hinako kan ada bunyi loncengnya trus mukanya kekupas full sama kaya topeng kakaknya full face kalo hinako kan topengnya setengah bang
bang main dying light the beast,bang main dying light the beast
"Terimakasih bang, keren baget aku bisa nonton semua endingnya. 
Bang ga namatin ""Silent Hill The Short Message"" aku ikut dalam proses pembuatan game itu lo, namaku ada di Credits","terimakasih bang keren baget aku bisa nonton semua endingnya 
bang ga namatin silent hill the short message aku ikut dalam proses pembuatan game itu lo namaku ada di credits"
Semua sayang bang windah ğŸ¤—,semua sayang bang windah
Bang main game horor lagi dong bang plisss. Soalnya aku suka yang JUMSKARE JUMSKARE,bang main game horor lagi dong bang plisss soalnya aku suka yang jumskare jumskare
"Ini perjalanan terakhir game Silent Hill F versi Leeteuk, Heechul, Han Geng, Yesung, Kangin, Shindong, Sungmin, Eunhyuk, Donghae, Siwon, Ryeowook, Kibum dan Kyuhyun dari boyband Korea Selatan Super Junior kah?",ini perjalanan terakhir game silent hill f versi leeteuk heechul han geng yesung kangin shindong sungmin eunhyuk donghae siwon ryeowook kibum dan kyuhyun dari boyband korea selatan super junior kah
"Iya bnyk bocil cper , pasti ini butuh berjam2 untuk ungkap semua ending",iya bnyk bocil cper  pasti ini butuh berjam untuk ungkap semua ending
yping njirrrrrrğŸ˜‚,yping njirrrrrr
gua mah suka banget ama bang Winda apalagi pas expresi nya yg kagetan ğŸ‘ğŸ»ğŸ‘ğŸ»,gua mah suka banget ama bang winda apalagi pas expresi nya yg kagetan
tapi hubungannya sama silent hill apa ya?,tapi hubungannya sama silent hill apa ya
"padahal seru bgt ini game, alur ceritanya bikin penasaran bgt ğŸ˜­ğŸ‘ğŸ‘",padahal seru bgt ini game alur ceritanya bikin penasaran bgt
Riill mending berjam jam nonton ini dibanding liat muncak,riill mending berjam jam nonton ini dibanding liat muncak
"Aku nonton bg winda skrng cuman mau nonton game seru gini,kalo ada spam like sambil makan aku ngga berhenti like,seseru ini jir padahal",aku nonton bg winda skrng cuman mau nonton game seru ginikalo ada spam like sambil makan aku ngga berhenti likeseseru ini jir padahal
â€‹Â @elvenrangers9434Â ini game silent hill kok malah di tanya apa hubungaaaannya,elvenrangersÂ ini game silent hill kok malah di tanya apa hubungaaaannya
SETUJUUU AKU SUKA BGT KALO BANG WINDAH MAIN GAME YANG KEK GINI ğŸ˜­ğŸ˜­,setujuuu aku suka bgt kalo bang windah main game yang kek gini
Why not bro? Smua org punya perbedaan masing masing lain kli ypingnya bnerin dlu ya ga nyambung,why not bro smua org punya perbedaan masing masing lain kli ypingnya bnerin dlu ya ga nyambung
GK nyampe aja otak nya buat nyerna ceritanya ğŸ˜…,gk nyampe aja otak nya buat nyerna ceritanya
oiyah kidsğŸ˜‚ğŸ˜Š,oiyah kids
Jangan marah cecillia nanti cantiknya hilang,jangan marah cecillia nanti cantiknya hilang
"â€‹Â @nadzzleaÂ lu yg siapa ngajak ripot  bareng"" lagi lu aja kaliğŸ¤£",nadzzleaÂ lu yg siapa ngajak ripot  bareng lagi lu aja kali
"bocil kebanyakan nonton brain rot bang, attention span nya udah rusak",bocil kebanyakan nonton brain rot bang attention span nya udah rusak
Akhirnya ada yg sepemikiran,akhirnya ada yg sepemikiran
"akhirnya ada yang melantarkan isi hati ku, anjai makasi bang",akhirnya ada yang melantarkan isi hati ku anjai makasi bang
"Nahh ini bener bgt, sepemikiran sama opini inii",nahh ini bener bgt sepemikiran sama opini inii
Test,test
this,this
"Nah ini, kalo ada statemen  "" istri/suami masih bisa menjadi mantan, tapi tidak ada yang namanya mantan anak atau mantan ortu. "" ini baru menyepelekan.",nah ini kalo ada statemen   istrisuami masih bisa menjadi mantan tapi tidak ada yang namanya mantan anak atau mantan ortu  ini baru menyepelekan
nah iya bang setuju gw,nah iya bang setuju gw
nahhh giniii maksudnya,nahhh giniii maksudnya
UP!! kebaca ga ya sm bang win,up kebaca ga ya sm bang win
nahh ini!ğŸ‘ŒğŸ»,nahh ini
this,this
"Setuju der. Gw juga berpendapat sama kaya lu. Suami dan istri aja yang bukan dari darah yang sama dan diikat dengan pernikahan aja harus saling hormat, patuh, kasih sayang dan menjaga martabatnya masing2. Masa sebagai anak yg merupakan hasil entotan dari ayah ibu yg notabene nya sedarah, kgk patuh. Klo yg beragama pasti paham lah karena itu kan wujud dari berbakti kepada orang tua, begitu juga istri kpd suami. Dosa yg ada klo ngelanggar wkwkw. Kesampingkan dari sisi agama tapi emang diawal cara yg dilakuin ayahnya itu emang salah",setuju der gw juga berpendapat sama kaya lu suami dan istri aja yang bukan dari darah yang sama dan diikat dengan pernikahan aja harus saling hormat patuh kasih sayang dan menjaga martabatnya masing masa sebagai anak yg merupakan hasil entotan dari ayah ibu yg notabene nya sedarah kgk patuh klo yg beragama pasti paham lah karena itu kan wujud dari berbakti kepada orang tua begitu juga istri kpd suami dosa yg ada klo ngelanggar wkwkw kesampingkan dari sisi agama tapi emang diawal cara yg dilakuin ayahnya itu emang salah
Betulll!,betulll
1 sepemikiran,sepemikiran
kalo nonton langsung di chanel utama tanpa nonton yg di chanel ke 2 bingung ga bang?,kalo nonton langsung di chanel utama tanpa nonton yg di chanel ke  bingung ga bang
"â€‹Â @revikharismaramadani1589Â Kayaknya nggak ya, asal udah nonton Windah yang namatin ending pertama di channel utama dan paham alur cerita Silent Hill f ajaaa. Yang Windah nyari ending ini seru karena dia sambil jelasin alurnya juga.",revikharismaramadaniÂ kayaknya nggak ya asal udah nonton windah yang namatin ending pertama di channel utama dan paham alur cerita silent hill f ajaaa yang windah nyari ending ini seru karena dia sambil jelasin alurnya juga
Â @revikharismaramadani1589Â  aku ga bingung kak. aku tau Windah bahas di akun kedua tp aku ga simak. malah aku kira ga bakal dibahas tuntas. ternyata sedetail ini dijelasin di channel sini. One by onee! Salut siih,revikharismaramadaniÂ  aku ga bingung kak aku tau windah bahas di akun kedua tp aku ga simak malah aku kira ga bakal dibahas tuntas ternyata sedetail ini dijelasin di channel sini one by onee salut siih
"Bener aku setuju, makanya di true ending bos terakhirnya adalah kedua dewa yang bertarung tersebut. Dewa pedang atau ashura dan dewa fox yang jadi lawannya hinako. Mindblown ceritanya, yang sangat kompleks ğŸ¤©",bener aku setuju makanya di true ending bos terakhirnya adalah kedua dewa yang bertarung tersebut dewa pedang atau ashura dan dewa fox yang jadi lawannya hinako mindblown ceritanya yang sangat kompleks
Berarti dewa yg baik dewa pedang ya? Soalnya dewa rubah jahat bgt,berarti dewa yg baik dewa pedang ya soalnya dewa rubah jahat bgt
Keren bangg,keren bangg
Dipikir2 juga pertarungan dewa pedang sama dewa rubah ada miripnya kek rivalitas abadi indra sama ashura ye bang.,dipikir juga pertarungan dewa pedang sama dewa rubah ada miripnya kek rivalitas abadi indra sama ashura ye bang
â€‹â€‹Â @melissachan696Â nggk juga buktinya di ending 3 malah terjadi geyser di desanya hal ini karena si dewa rubah itu udh dianggap dewa pelindung juga bagi desanya karena dia kalah makanya malah jadi bencana,melissachanÂ nggk juga buktinya di ending  malah terjadi geyser di desanya hal ini karena si dewa rubah itu udh dianggap dewa pelindung juga bagi desanya karena dia kalah makanya malah jadi bencana
"â€‹Â @guts8676Â  wanjir kompleks juga ya ceritanya nih silent hill f, beda sama yg kedua si james",gutsÂ  wanjir kompleks juga ya ceritanya nih silent hill f beda sama yg kedua si james
"makanya di final boss ending 2/3  kita melawan salah satu dari mereka karena kita memihak salah satunya contoh di ending 2 kita memihak kyubi karena kita memilih untuk menikah dengan kotoyuki dan menyucikan sacred sword makanya kita malah melawan ashura/tsukumogami yg memanfaatkan shu sebagai bonekanya.
sedangkan di ending 3 kita memihak ashura/tsukumogami dengan tidak menyucikan sacred sword dan mengalahkan kyubi efeknya pada akhirnya ashura dapat kembali bangkit dan mengambil tahta dewa tetapi malah berdampak desa tersebut mengalami geyser karena kyubi yg selama ini menjadi dewa penjaga desa telah dikalahkan","makanya di final boss ending   kita melawan salah satu dari mereka karena kita memihak salah satunya contoh di ending  kita memihak kyubi karena kita memilih untuk menikah dengan kotoyuki dan menyucikan sacred sword makanya kita malah melawan ashuratsukumogami yg memanfaatkan shu sebagai bonekanya
sedangkan di ending  kita memihak ashuratsukumogami dengan tidak menyucikan sacred sword dan mengalahkan kyubi efeknya pada akhirnya ashura dapat kembali bangkit dan mengambil tahta dewa tetapi malah berdampak desa tersebut mengalami geyser karena kyubi yg selama ini menjadi dewa penjaga desa telah dikalahkan"
Up ğŸ”¥,up
Makanya seingetku kreator silent hill f ini game horor bukan sekedar halusinasi,makanya seingetku kreator silent hill f ini game horor bukan sekedar halusinasi
â€‹Â @fikridifÂ tpi kan ashura sama indra pertarungannya sampe mati pun blm selesai sampe lintas generasi Naruto dan Sasuke tpi tujuannya beda ga sih sama di game ini? klo yg mirip mirip tujuann kaya otsutsuki yg jadiin boruto wadah untuk ngambil kekuatannya ga sih? ah ntah lah semakin di pikir semakin pusing,fikridifÂ tpi kan ashura sama indra pertarungannya sampe mati pun blm selesai sampe lintas generasi naruto dan sasuke tpi tujuannya beda ga sih sama di game ini klo yg mirip mirip tujuann kaya otsutsuki yg jadiin boruto wadah untuk ngambil kekuatannya ga sih ah ntah lah semakin di pikir semakin pusing
"gak ada hubungannya sama gitu gitu bang, semua yg ada di game cuman bentuk proyeksi perasaan hinako aja yg lagi krisis, dewa dewa dll juga cuman bentuk representatif hinako dari hal dunia asli aja",gak ada hubungannya sama gitu gitu bang semua yg ada di game cuman bentuk proyeksi perasaan hinako aja yg lagi krisis dewa dewa dll juga cuman bentuk representatif hinako dari hal dunia asli aja
"â€‹Â @melissachan696Â  menurutku g ada yg bener kedua dewa ini. Klo memang lu mau berantem 1 lawan 1 aja, g perlu hinako yg punya special power

Rasanya kek hinako keseret aja dalam masalah 2 dewa ini","melissachanÂ  menurutku g ada yg bener kedua dewa ini klo memang lu mau berantem  lawan  aja g perlu hinako yg punya special power

rasanya kek hinako keseret aja dalam masalah  dewa ini"
"Ini diperkuat pas scene di ending 3 yang pas si kotoyuki matanya jadi biru. Nah itu kan ada kalimat kurang lebih kaya gini ""hinako kamu ini wanita yg spesial, aku cape2 melet si kotoyuki supaya nikah sama kamu tapi kotoyuki ini bodoh""

Aku ingatnya gitu, bisa koreksi kalo salah 
Intinya memang si hinako ini diincer karena ""spesial""
Waktu itu aku masih blm paham knp hinako ini diincer, baru paham pas baca komen ini","ini diperkuat pas scene di ending  yang pas si kotoyuki matanya jadi biru nah itu kan ada kalimat kurang lebih kaya gini hinako kamu ini wanita yg spesial aku cape melet si kotoyuki supaya nikah sama kamu tapi kotoyuki ini bodoh

aku ingatnya gitu bisa koreksi kalo salah 
intinya memang si hinako ini diincer karena spesial
waktu itu aku masih blm paham knp hinako ini diincer baru paham pas baca komen ini"
â€‹â€‹â€‹@timidcatz karena emang ga digambarkan secara langsung tapi metamorfosis dari legendanya kayak dewa rubah itu penggambaran buat garis keturunan klan kotoyuki keluarga yg emang terpandang dan punya power sedangkan ashura digambarkan sebagai klan yg kalah war yg bisa kita tau dari notes di pohon sakral dan kemungkinan keluarga shu itu keturunan mereka karena keluarga mereka tinggal dan menjaga daerah shrine pohon tersebut,timidcatz karena emang ga digambarkan secara langsung tapi metamorfosis dari legendanya kayak dewa rubah itu penggambaran buat garis keturunan klan kotoyuki keluarga yg emang terpandang dan punya power sedangkan ashura digambarkan sebagai klan yg kalah war yg bisa kita tau dari notes di pohon sakral dan kemungkinan keluarga shu itu keturunan mereka karena keluarga mereka tinggal dan menjaga daerah shrine pohon tersebut
lah rameğŸ˜­ğŸ˜‚,lah rame
W ğŸ’¯ğŸ”¥ğŸ“ˆ,w
"â€‹Â @guts8676Â terus polisi yg di ending pertama tuh gimana sih maksudnya, kenapa seakan-akan Hinako cmn halusinasi sama semua yang dia alami",gutsÂ terus polisi yg di ending pertama tuh gimana sih maksudnya kenapa seakanakan hinako cmn halusinasi sama semua yang dia alami
Kalo ini munkin di dunia nya yokai,kalo ini munkin di dunia nya yokai
â€‹Â @alien0p665Â jadi yang scene polisi itu justru gak nyata mksdnya?,alienpÂ jadi yang scene polisi itu justru gak nyata mksdnya
â€‹Â @TvRuma-z4cÂ gmn si maksudmu pertarungan yang di mainin bang windah ini hanya di pikiran hinako dan beberapa ending itu ungakapan / perumpamaan yang dia hinako alami,tvrumazcÂ gmn si maksudmu pertarungan yang di mainin bang windah ini hanya di pikiran hinako dan beberapa ending itu ungakapan  perumpamaan yang dia hinako alami
sama aja semua yg kita liat itu tetep dalam halusinasi hinako ga ada yg bener bener dalam dunia nyata tapi bedanya yg pertama itu makin parah karena hinako tetep konsumsi pil merah makanya di dunia asli pas pernikahan akhirnya hinako pecah dan membunbun banyak orany makanya polisi dateng,sama aja semua yg kita liat itu tetep dalam halusinasi hinako ga ada yg bener bener dalam dunia nyata tapi bedanya yg pertama itu makin parah karena hinako tetep konsumsi pil merah makanya di dunia asli pas pernikahan akhirnya hinako pecah dan membunbun banyak orany makanya polisi dateng
"â€‹Â @guts8676Â Nahh iya, kirain kalian tuh ngejelasin kalau yang asli tuh ya kehidupan yang tentang dewa-dewa itu makanya bingung, sementara gue mikirnya kalau dua duanya tuh gak nyata. Thanks udah jelasin",gutsÂ nahh iya kirain kalian tuh ngejelasin kalau yang asli tuh ya kehidupan yang tentang dewadewa itu makanya bingung sementara gue mikirnya kalau dua duanya tuh gak nyata thanks udah jelasin
"buat yg masih bingung antara dunia nyata dan dunia ilusi (kalian tinggal cocok kan aja 1 dgn 1, 2 dgn 2, dst) 

dunia nyata:
1. Hinako
2. Kotoyuki
3. Boneka merah & Shu
dunia ilusi:
1. Shiromuku/ fox Hinako
2. FoxMask/Shichibi
3. Tsukumogami

Kotoyuki & boneka merah beneran ada di dunia nyata. Hinako beneran dipaksa menikah dgn Kotoyuki, cuman Hinako takut bakalan bernasib sama sprti ibunya makanya dia takut dan gamau menikah. Karna rasa takut & overthinking yg berlebihan, Hinako jadi depresi, pikirannya kacau sampe2 dia berhalusinasi ttg Kotoyuki yg dirasuki dewa rubah, boneka merah yg dirasuki dewa pedang, dia yg berubah menjadi fog monster. Semuanya itu adalah hasil representasi ketakutan & keputus-asaan yg dirasakan Hinako","buat yg masih bingung antara dunia nyata dan dunia ilusi kalian tinggal cocok kan aja  dgn   dgn  dst 

dunia nyata
 hinako
 kotoyuki
 boneka merah  shu
dunia ilusi
 shiromuku fox hinako
 foxmaskshichibi
 tsukumogami

kotoyuki  boneka merah beneran ada di dunia nyata hinako beneran dipaksa menikah dgn kotoyuki cuman hinako takut bakalan bernasib sama sprti ibunya makanya dia takut dan gamau menikah karna rasa takut  overthinking yg berlebihan hinako jadi depresi pikirannya kacau sampe dia berhalusinasi ttg kotoyuki yg dirasuki dewa rubah boneka merah yg dirasuki dewa pedang dia yg berubah menjadi fog monster semuanya itu adalah hasil representasi ketakutan  keputusasaan yg dirasakan hinako"
"â€‹Â @TvRuma-z4cÂ  cerita dewa2 itu emg ga nyata, itu cuma representasi pikiran & perasaan Hinako aja, tapi yg cut scene polisi dan laporan bunbun itu beneran terjadi di dunia nyata",tvrumazcÂ  cerita dewa itu emg ga nyata itu cuma representasi pikiran  perasaan hinako aja tapi yg cut scene polisi dan laporan bunbun itu beneran terjadi di dunia nyata
Kayk Sai baba ya bng ğŸ˜…,kayk sai baba ya bng
â€‹Â @TvRuma-z4cÂ hinako itu mau menikah tapi hinako banyak mengonsumsi obat merah jadi si hinako seperti mabuk gitu dan berhalusinasi membunuh moster tapi ternyata yang dia bunuh semua para undangan/orang di sekitar acara nya hinako.  gitu sih kalo dari pendapat gua,tvrumazcÂ hinako itu mau menikah tapi hinako banyak mengonsumsi obat merah jadi si hinako seperti mabuk gitu dan berhalusinasi membunuh moster tapi ternyata yang dia bunuh semua para undanganorang di sekitar acara nya hinako  gitu sih kalo dari pendapat gua
"â€‹Â @simulab28Â Bener kata bang windah kalo monster itu merepresentasikan perasaan Hinako aja, logikanya kalau monster itu aslinya adalah orang yang dibunuh Hinako, harusnya tiap ending Hinako bakal masuk penjara.",simulabÂ bener kata bang windah kalo monster itu merepresentasikan perasaan hinako aja logikanya kalau monster itu aslinya adalah orang yang dibunuh hinako harusnya tiap ending hinako bakal masuk penjara
GG Orlannn,gg orlannn
Tapi di semua ending ortu dan temen cewe Hinako tetep mati ya? Kalo semua monster itu halusinasi Hinako alasan mereka tetep mati karena apa ya? Apa karena musibah gas di desanya?,tapi di semua ending ortu dan temen cewe hinako tetep mati ya kalo semua monster itu halusinasi hinako alasan mereka tetep mati karena apa ya apa karena musibah gas di desanya
"once a blue moon itu kayanya idiom gasi, maksudnya sangat sangat jarang",once a blue moon itu kayanya idiom gasi maksudnya sangat sangat jarang
GG Orlannnn,gg orlannnn
omgg kerennn!!,omgg kerennn
W TEORI,w teori
Can't spell WINDAH without WIN,cant spell windah without win
"kayak game yg hollow cocoon, tiba2 banget ending nya ada ufoğŸ˜‚",kayak game yg hollow cocoon tiba banget ending nya ada ufo
â€‹Â @partypostingÂ wkwk iya yaa,partypostingÂ wkwk iya yaa
"Tanpa ""W"" masih tetap ""Indah""",tanpa w masih tetap indah
Yang bener bang,yang bener bang
damnğŸ˜­,damn
COD bangey nihhğŸ˜­,cod bangey nihh
"WINDAH ""DOKTER CINTA"" BASUDARAAAA",windah dokter cinta basudaraaaa
Sepemikiran,sepemikiran
"Bener bang aku baca baca lore nya begitu, jadi proses ganti tangan sama pakai topeng itu menggambarkan sedikit demi sedikit si hinako jadi bagian dari keluarga si musang",bener bang aku baca baca lore nya begitu jadi proses ganti tangan sama pakai topeng itu menggambarkan sedikit demi sedikit si hinako jadi bagian dari keluarga si musang
"Bener nikah itu sebenarnya serem, jadi istri jadi ibu",bener nikah itu sebenarnya serem jadi istri jadi ibu
"Kan adat kekayaan si kotoyoki ,jdi istri hrus mematuhi SOP gitu, ada kalimat aku tidak tau keinginan mu",kan adat kekayaan si kotoyoki jdi istri hrus mematuhi sop gitu ada kalimat aku tidak tau keinginan mu
"â€‹Â @aulaibnuandrianto4240Â iyalah mematuhi SOP si cowok aturan istiadat tersiksa batin hahaha, marga aja di ganti ngikutin keluarga adat ritual si cowok",aulaibnuandriantoÂ iyalah mematuhi sop si cowok aturan istiadat tersiksa batin hahaha marga aja di ganti ngikutin keluarga adat ritual si cowok
Rubah plis ğŸ˜‚,rubah plis
True,true
"Â @å…‰ã‚Šã‚“-w6hÂ  no, kalo di sini musang :)))",whÂ  no kalo di sini musang
â€‹Â @RosMa-d2kÂ apalah,rosmadkÂ apalah
"Biasa lah bang. Yg bilang bosenin jg paling G BISA BELI GAME NYA, G PUNYA NYALI BUAT NYELESAIIN GAMENYA, DAN G BISA NYELESAIIN GAMENYA ğŸ˜‚",biasa lah bang yg bilang bosenin jg paling g bisa beli game nya g punya nyali buat nyelesaiin gamenya dan g bisa nyelesaiin gamenya
"game kayak gini ngga ngena ke pasar indo, padahal game yang kayak gini adalah game masterpiece",game kayak gini ngga ngena ke pasar indo padahal game yang kayak gini adalah game masterpiece
"Biasalah bang, bocil bocil bot emang gitu koar doang",biasalah bang bocil bocil bot emang gitu koar doang
Gw nonton part 1-nya aja di channel kedua capek apalagi bang windah yang main. Orang-orang bener-bener  gak ngehargain usaha bang windah bjir,gw nonton part nya aja di channel kedua capek apalagi bang windah yang main orangorang benerbener  gak ngehargain usaha bang windah bjir
Stujuu wkw,stujuu wkw
"ending yg foxâ€™s wedding yg wajah hinako yg teriak-teriak â€œtidak, tidak, aku tidak mau menjadi seperti ibukuâ€ trus itu dihancurin, kayaknya itu seperti pikiran hinako kalau menikah dia akan menjadi seperti ibunya, tapi nyatanya tidak, menikah dgn rubah dia diperlakukan dengan baik karena rubah memang mencintainya, makanya pikiran yg dilambangkan wajah itu dihancurkan",ending yg foxs wedding yg wajah hinako yg teriakteriak tidak tidak aku tidak mau menjadi seperti ibuku trus itu dihancurin kayaknya itu seperti pikiran hinako kalau menikah dia akan menjadi seperti ibunya tapi nyatanya tidak menikah dgn rubah dia diperlakukan dengan baik karena rubah memang mencintainya makanya pikiran yg dilambangkan wajah itu dihancurkan
"Makasih banget bang Windah udah effort nyariin 4 ending yang beda-beda, sampai aku ikutan nonton streaming kamu pas lagi setup endingnya di channel kedua ğŸ”¥",makasih banget bang windah udah effort nyariin  ending yang bedabeda sampai aku ikutan nonton streaming kamu pas lagi setup endingnya di channel kedua
"bang windah tau gaa, aku ga nonton spoiler ending dmn pun demi nungguin bang windah buat namatin seluruh ending nyaâ˜¹ï¸â¤ï¸",bang windah tau gaa aku ga nonton spoiler ending dmn pun demi nungguin bang windah buat namatin seluruh ending nya
"Gakuat gua bang nonton sampe habis live kali ini, karena lumayan ketrigger haha. Ini hampir persis kaya apa yang lagi gua hadepin sekarang. Terlanjur mencintai wanita yang takdirnya (menikah) ditentukan atau dipaksakan oleh orang tuanya dengan alasan tradisi. Kita beda negara, beda bahasa, beda budaya. Minggu lalu dia baru tunangan sama orang yang dipilih bokapnya bahkan tanpa tanya apa2 ke dia dulu. Hancur bgt rasanya. Hampir persis kayak yang dialamin Hinako & Shu. Setiap kali dia ngeluh capek, ngeluh kalo dia benci sama hidupnya karna banyak kekangan dan paksaan, gua gabisa berbuat apa2 dan ngebantu apa2. Gua hancur, tapi dia pasti lebih hancur lagi. Dia sayang sama ortunya tapi dia bukan seseorang yang bisa  ngelawan paksaan itu semua ga kaya Hinako. Karena tradisinya terlalu ngeri. Terlalu ketat. Jadi dia takut dan gua sangat sangat paham itu. Walaupun gua mau nekat sekalipun itu gaakan berakhir kaya yang kita mau. Bahkan bisa lebih buruk. Setelah ngerti keseluruhan arti dari game ini gua makin kasihan sama dia. Gakebayang gimana rasanya dipaksa ngadepin sesuatu yang dia belom siap sama sekali, dengan orang yang dia gamau sama sekali tapi gapunya pilihan lain selain manut sama tradisi dan ortu. Sakitnya gaakan kebayang, karena tiap hari dia pun cuma bisa nangis, doa tapi gabisa ngerubah apa2. Gua cuma mau bilang hal-hal paksaan kaya gini dengan alasan apapun itu bener2 bisa ngerusak mental seseorang. Dan gua sebagai cowok berharap kalo perjodohan paksa atau apapun itu bisa dihilangkan terhadap siapapun itu mau gender apapun itu. Tapi, apa bisa?",gakuat gua bang nonton sampe habis live kali ini karena lumayan ketrigger haha ini hampir persis kaya apa yang lagi gua hadepin sekarang terlanjur mencintai wanita yang takdirnya menikah ditentukan atau dipaksakan oleh orang tuanya dengan alasan tradisi kita beda negara beda bahasa beda budaya minggu lalu dia baru tunangan sama orang yang dipilih bokapnya bahkan tanpa tanya apa ke dia dulu hancur bgt rasanya hampir persis kayak yang dialamin hinako  shu setiap kali dia ngeluh capek ngeluh kalo dia benci sama hidupnya karna banyak kekangan dan paksaan gua gabisa berbuat apa dan ngebantu apa gua hancur tapi dia pasti lebih hancur lagi dia sayang sama ortunya tapi dia bukan seseorang yang bisa  ngelawan paksaan itu semua ga kaya hinako karena tradisinya terlalu ngeri terlalu ketat jadi dia takut dan gua sangat sangat paham itu walaupun gua mau nekat sekalipun itu gaakan berakhir kaya yang kita mau bahkan bisa lebih buruk setelah ngerti keseluruhan arti dari game ini gua makin kasihan sama dia gakebayang gimana rasanya dipaksa ngadepin sesuatu yang dia belom siap sama sekali dengan orang yang dia gamau sama sekali tapi gapunya pilihan lain selain manut sama tradisi dan ortu sakitnya gaakan kebayang karena tiap hari dia pun cuma bisa nangis doa tapi gabisa ngerubah apa gua cuma mau bilang halhal paksaan kaya gini dengan alasan apapun itu bener bisa ngerusak mental seseorang dan gua sebagai cowok berharap kalo perjodohan paksa atau apapun itu bisa dihilangkan terhadap siapapun itu mau gender apapun itu tapi apa bisa
"IN MY OPINION 

Pernikahan itu PENTING, fan maksud si hinako adalah pernikahan yg tidak terikat oleh DARAH , mereka mampu untuk saling mendengarkan.

 Sementara hinako dam ayahnya (darah dagingnya) masa tidak bisa hormat? Atau bahasa paling simplenya adalah ada suatu IKATAN (bukan spiritual) tapi hati ke hati.

Sorry buat yg gk ngerti cuma itu yg bisa ge sampai kan","in my opinion 

pernikahan itu penting fan maksud si hinako adalah pernikahan yg tidak terikat oleh darah  mereka mampu untuk saling mendengarkan

 sementara hinako dam ayahnya darah dagingnya masa tidak bisa hormat atau bahasa paling simplenya adalah ada suatu ikatan bukan spiritual tapi hati ke hati

sorry buat yg gk ngerti cuma itu yg bisa ge sampai kan"
51:47 ditarik kata katanya lagiğŸ˜­ğŸ˜­ğŸ¤ŒğŸ»ğŸ¤ŒğŸ»,ditarik kata katanya lagi
"1:36:44 menurut gw nyambung bang, karna ibu yang cuman terikat pernikahan dan bisa aja jadi orang asing, dan sedangkan hinako itu udah terikat darah daging jadi sampai kapan pun dia itu ayah nya hinako",menurut gw nyambung bang karna ibu yang cuman terikat pernikahan dan bisa aja jadi orang asing dan sedangkan hinako itu udah terikat darah daging jadi sampai kapan pun dia itu ayah nya hinako
"Thanks bang udah ngelengkapin endingnya, akhirnya udah gak penasaran lagi hehe. Dari game ini kita belajar bahwa jangan pernah memaksa anak atau siapapun untuk menjadi apa yg kita mau, kehidupan hanya sekali dan di kehidupan yang hanya sekali ini anak atau siapapun itu bebas menentukan pilihan dan jalan hidupnya tanpa ada kekangan, tanpa ada paksaan apalagi menyangkut pernikahan karna itu sakral, dan carilah kebahagiaan yg membuat kita bahagia",thanks bang udah ngelengkapin endingnya akhirnya udah gak penasaran lagi hehe dari game ini kita belajar bahwa jangan pernah memaksa anak atau siapapun untuk menjadi apa yg kita mau kehidupan hanya sekali dan di kehidupan yang hanya sekali ini anak atau siapapun itu bebas menentukan pilihan dan jalan hidupnya tanpa ada kekangan tanpa ada paksaan apalagi menyangkut pernikahan karna itu sakral dan carilah kebahagiaan yg membuat kita bahagia
epic ending menurutku pas shu mengikhlaskan hinako menikah dgn manusia musangğŸ˜¢ karena ternyata si musang bener2 cinta n pngen jaga hinako huhuuuuğŸ˜¢â¤ thank uu bg sudah mengungkap all ending di game iniiğŸ˜¢â¤ aku terharu sampe nangis bangğŸ˜¢â¤â¤â¤ i love uu,epic ending menurutku pas shu mengikhlaskan hinako menikah dgn manusia musang karena ternyata si musang bener cinta n pngen jaga hinako huhuuuu thank uu bg sudah mengungkap all ending di game inii aku terharu sampe nangis bang i love uu
"bang teori ku, kenapa wajah Junko ga diperlihatkan. karena dia sudah menikah dan nerima perjodohan. jadi Junko kehilangan jati dirinya. seperti gambaran ending Hinako menikah, wajahnya juga hilang. terus kenapa dia burung? karena Hinako pernah disebut 'baby bird' nah karena kakaknya sudah lebih dewasa jadi gambaran wajahnya burung dewasa. nah kalo Kotoyuki gambaran wajahnya musang, karena di masa kecil, dia pernah digigit musang, mungkin juga Hinako ga pernah tau wajah asli Kotoyuki dewasa seperti apa, dia hanya ingat musang. makanya di genjutsu Hinako, wajah Kotoyuki digambarkan musang. yang aku tau gitu bang, lebih detailnya boleh komen aja, soalnya aku juga kurang pahamğŸ™ğŸ˜",bang teori ku kenapa wajah junko ga diperlihatkan karena dia sudah menikah dan nerima perjodohan jadi junko kehilangan jati dirinya seperti gambaran ending hinako menikah wajahnya juga hilang terus kenapa dia burung karena hinako pernah disebut baby bird nah karena kakaknya sudah lebih dewasa jadi gambaran wajahnya burung dewasa nah kalo kotoyuki gambaran wajahnya musang karena di masa kecil dia pernah digigit musang mungkin juga hinako ga pernah tau wajah asli kotoyuki dewasa seperti apa dia hanya ingat musang makanya di genjutsu hinako wajah kotoyuki digambarkan musang yang aku tau gitu bang lebih detailnya boleh komen aja soalnya aku juga kurang paham
46:43 GANTENGNYA KOTOYUKI BANGGGGG,gantengnya kotoyuki banggggg
Semangat bang trima kasih sudah menemani di malam Minggu ini ğŸ¥°ğŸ¥°â¤ï¸,semangat bang trima kasih sudah menemani di malam minggu ini
makasi bang udh namatin gw sangat mengapresiasi usaha abang maksi banyak bangg jangn lupa istirahat yaa,makasi bang udh namatin gw sangat mengapresiasi usaha abang maksi banyak bangg jangn lupa istirahat yaa
"ak ga mw berteori bg cmn pngn nyampein terimakasih udh ngehibur kita semua dan full effort walau kmu sibuk tpi berusaha nyari sm lengkapin semua endingnya walau pnuh perjuangan di ch kedua, sehat2 bg win jaga kesehatan jngn lupa istirahat abis ini bgğŸ™Œditunggu game2 triple a yg lain nya bg",ak ga mw berteori bg cmn pngn nyampein terimakasih udh ngehibur kita semua dan full effort walau kmu sibuk tpi berusaha nyari sm lengkapin semua endingnya walau pnuh perjuangan di ch kedua sehat bg win jaga kesehatan jngn lupa istirahat abis ini bgditunggu game triple a yg lain nya bg
"Intinya kayanya gini bang, itu hinako tangan nya jadi wolf kan? Itu ibarat nya dia Nerima cincin pernikahan, terus simbol yang di cap dipunggung nya itu seperti menyetujui pernikahan, dan untuk ganti muka pake topeng itu seperti membuang harga dirinya dan memilih mengikuti apa kata keluarga/ calon suami nya",intinya kayanya gini bang itu hinako tangan nya jadi wolf kan itu ibarat nya dia nerima cincin pernikahan terus simbol yang di cap dipunggung nya itu seperti menyetujui pernikahan dan untuk ganti muka pake topeng itu seperti membuang harga dirinya dan memilih mengikuti apa kata keluarga calon suami nya
"bang makasih atas kerja keras lu buat namatin semua ending game ini, pasti capek bgt buat lu tapi lu selalu gk mau buat viewers kecewa, respect bang windah:elbowcough:

btw bang tentang hinako yg kata lu dia kayak remehin pernikahan kalo di presepsi gue sih gini ya, maksudnya hinako tuh darah lebih kental dibanding susu, ibunya yg dibilang stranger/gk ada ikatan darah ke ayahnya aja bisa ngertiin, jadi bkn tentang pernikahan gk penting tapi bondingnya bang.","bang makasih atas kerja keras lu buat namatin semua ending game ini pasti capek bgt buat lu tapi lu selalu gk mau buat viewers kecewa respect bang windahelbowcough

btw bang tentang hinako yg kata lu dia kayak remehin pernikahan kalo di presepsi gue sih gini ya maksudnya hinako tuh darah lebih kental dibanding susu ibunya yg dibilang strangergk ada ikatan darah ke ayahnya aja bisa ngertiin jadi bkn tentang pernikahan gk penting tapi bondingnya bang"
"soal ikatan pernikahan dan ikatan darah yg bang brando ga relate , aku lebih ke arah kata ii hinako karna ikatan pernikahan masih ada kemungkinan berlaku perpisahan(cerai), tp kalau ikatan darah anak ama ortu itu mau di buang kek mau ga di percaya anak kek , tetep aja dan masih itu tetep anak nya apapun yg di sangkal ortunya, jd disini tuh hinako mau nunjukin walaupun seorang istri itu bisa saja gak maafin suami dan pisah, tp ibunya hinako tetep respect bapaknya, apalagi anak kandung , ya pokoknya gtu dah",soal ikatan pernikahan dan ikatan darah yg bang brando ga relate  aku lebih ke arah kata ii hinako karna ikatan pernikahan masih ada kemungkinan berlaku perpisahancerai tp kalau ikatan darah anak ama ortu itu mau di buang kek mau ga di percaya anak kek  tetep aja dan masih itu tetep anak nya apapun yg di sangkal ortunya jd disini tuh hinako mau nunjukin walaupun seorang istri itu bisa saja gak maafin suami dan pisah tp ibunya hinako tetep respect bapaknya apalagi anak kandung  ya pokoknya gtu dah
46:38 duhh gantenggg bgtt busettttğŸ¤­ğŸ¤­ğŸ¤­,duhh gantenggg bgtt busetttt
1:01:49 merusak suasana bjir tiba tiba naruto ğŸ—¿,merusak suasana bjir tiba tiba naruto
"Bisa jadi silent hill f, f nya itu female yang artinya perempuan. Dan ya game ini menceritakan hinako, perempuan yang serba diatur dan dipaksa.",bisa jadi silent hill f f nya itu female yang artinya perempuan dan ya game ini menceritakan hinako perempuan yang serba diatur dan dipaksa
ii samaaa,ii samaaa
"feel u bro
semangat","feel u bro
semangat"
â€‹Â @jisaacanbeajissÂ Thanks bro,jisaacanbeajissÂ thanks bro
semangatt bangg,semangatt bangg
Sama bang padahal aku udah diblokir .udh kecewa kontaknya tapi dia sering ngirim poto dulu,sama bang padahal aku udah diblokir udh kecewa kontaknya tapi dia sering ngirim poto dulu
bang semangat ya semoga ketemu jalan keluarnya,bang semangat ya semoga ketemu jalan keluarnya
Negara mn bg,negara mn bg
"aduh susah banget memang ya, mencari pasangan hidup memang gak gampang aku masih sma tapi ortu bertengkar sekarang berpisah gatau mau gimana lagi kedepannya karena trauma liat pasangan orang gini terus ğŸ˜¢",aduh susah banget memang ya mencari pasangan hidup memang gak gampang aku masih sma tapi ortu bertengkar sekarang berpisah gatau mau gimana lagi kedepannya karena trauma liat pasangan orang gini terus
â€‹@nylaaarzaTerima kasih ğŸ™ğŸ»,nylaaarzaterima kasih
â€‹Â @JingekinKirisijiÂ Semangat buat lu jg ya bro,jingekinkirisijiÂ semangat buat lu jg ya bro
"â€‹@nadinnea Untuk saat ini, cuma bisa pasrah sama keadaan karena emg gatau harus gimana lagi. But thank you ya ğŸ™ğŸ»",nadinnea untuk saat ini cuma bisa pasrah sama keadaan karena emg gatau harus gimana lagi but thank you ya
"â€‹Â @nacoyna4coyy-f8yÂ  dia org Yaman yang udh menetap di Amrik bang. Dan ya gua jg baru tau kebanyakan org sana soal menjunjung tradisi terutama perjodohan gini emg kuat bgt. Terutama ke anak perempuan.  Dia muslim gua juga muslim ko Insya Allah, tapi ya balik lagi ke permasalahan tadi gabakal bisa segampang itu jalannya.",nacoynacoyyfyÂ  dia org yaman yang udh menetap di amrik bang dan ya gua jg baru tau kebanyakan org sana soal menjunjung tradisi terutama perjodohan gini emg kuat bgt terutama ke anak perempuan  dia muslim gua juga muslim ko insya allah tapi ya balik lagi ke permasalahan tadi gabakal bisa segampang itu jalannya
"â€‹Â @Axell-_Â  Sorry ya bro, sama ko gua juga ngerasa gitu. Sekalinya ngerasain yang bener2 cobaannya juga gamain2. Tapi semangat terus ya, mumpung masih SMA perjalanan masih panjang bgt. Kuatin dan jalanin aja masa sekarang, soal masa depan mah gaada yang tau bakal kaya gimana.",axellÂ  sorry ya bro sama ko gua juga ngerasa gitu sekalinya ngerasain yang bener cobaannya juga gamain tapi semangat terus ya mumpung masih sma perjalanan masih panjang bgt kuatin dan jalanin aja masa sekarang soal masa depan mah gaada yang tau bakal kaya gimana
"Sedih dengernya, semangat bangg ğŸ˜¢",sedih dengernya semangat bangg
"keep strong bg, Jangan sampe masuk dunia silent hillğŸ˜¢",keep strong bg jangan sampe masuk dunia silent hill
"bang, aku gak relate tapi bacanya sakit banget ğŸ¥² hope you find something wonderful ahead in your life bro, doaku juga berlaku buat si cewek juga",bang aku gak relate tapi bacanya sakit banget  hope you find something wonderful ahead in your life bro doaku juga berlaku buat si cewek juga
â€‹Â @sabinsabin2555Â  thank you ya,sabinsabinÂ  thank you ya
"â€‹Â @muhammadaliffatkurrifqi2016Â   sipp, thank you ya",muhammadaliffatkurrifqiÂ   sipp thank you ya
"â€‹Â @saer6774Â  amin, terima kasih doanya ya",saerÂ  amin terima kasih doanya ya
"Semangat ya bang, I feel u.",semangat ya bang i feel u
â€‹Â @Tifaj006Â  thank you ğŸ™ğŸ¼,tifajÂ  thank you
"â€‹Â @Adty-x4lÂ hati2 bang, kalau orang yaman kadang anak cewenya dipaksa dijodohin sama yang jauh lebih tua, trs kalau nolak suka jadi korban honor k1lling. Kalau bisa suruh cewenya hati2 banget, ga bisa dianggap remeh soalnya",adtyxlÂ hati bang kalau orang yaman kadang anak cewenya dipaksa dijodohin sama yang jauh lebih tua trs kalau nolak suka jadi korban honor klling kalau bisa suruh cewenya hati banget ga bisa dianggap remeh soalnya
"Kotoyuki tu jadi bonekanya siluman rubah. Dia sebenernya baik dan suka sama Hinako cuman dimanfaatin aja. Keluarga Hinako(terutama ortunya) itu penyembah siluman rubah. Makanya kenapa Hinako dijodohin sama Kotoyuki.
Ini tu kayak bentuk ilusinya Hinako dengan berbagai pilihan ending. Hinako sebenernya udah seumuran Kotoyuki (20an) dan Kotoyuki sebenernya temen masa kecilnya Hinako juga, alesan dia ga nongol di ilusi Hinako bareng temen2nya karena si Kotoyuki ini udah pindah dan fokus jadi pelayan si siluman rubah ini.
Monster boneka tukang atur2 dan monster rubah itu sama2 licik dan manipulatifnya.
Yang gua gabegitu paham sih si boneka yg ngatur2 Hinako ini apa. Kenapa dia represent Hinako di dunia nyata gitu.","kotoyuki tu jadi bonekanya siluman rubah dia sebenernya baik dan suka sama hinako cuman dimanfaatin aja keluarga hinakoterutama ortunya itu penyembah siluman rubah makanya kenapa hinako dijodohin sama kotoyuki
ini tu kayak bentuk ilusinya hinako dengan berbagai pilihan ending hinako sebenernya udah seumuran kotoyuki an dan kotoyuki sebenernya temen masa kecilnya hinako juga alesan dia ga nongol di ilusi hinako bareng temennya karena si kotoyuki ini udah pindah dan fokus jadi pelayan si siluman rubah ini
monster boneka tukang atur dan monster rubah itu sama licik dan manipulatifnya
yang gua gabegitu paham sih si boneka yg ngatur hinako ini apa kenapa dia represent hinako di dunia nyata gitu"
"â€‹Â @PinikcipicapaÂ mantap, makasih bang lebih detail penjelasannya",pinikcipicapaÂ mantap makasih bang lebih detail penjelasannya
"Gw baru aja dapet share dari temen, kenapa Junko pake topeng burung itu juga karena dia ngikut klan kinuta dan burungnya itu lebih kek mitologi karasu tengu yang ngejaga kuil dewa inari jadi temen gw juga berteori kalo kluarga kinuta junko dan kluarga tsuneki kotoyuki akrab dan dari sikap hormat junko ke kotoyuki bisa dipastiin kalo klan tsuneki lebih tinggi dari klan kinuta",gw baru aja dapet share dari temen kenapa junko pake topeng burung itu juga karena dia ngikut klan kinuta dan burungnya itu lebih kek mitologi karasu tengu yang ngejaga kuil dewa inari jadi temen gw juga berteori kalo kluarga kinuta junko dan kluarga tsuneki kotoyuki akrab dan dari sikap hormat junko ke kotoyuki bisa dipastiin kalo klan tsuneki lebih tinggi dari klan kinuta
Â @rhoza0291Â nah gw jg mikir kayak gini!!! junko udh jadi istri dari suatu klan makanya mukanya pake topeng klan tersebut.,rhozaÂ nah gw jg mikir kayak gini junko udh jadi istri dari suatu klan makanya mukanya pake topeng klan tersebut
f nya fox yaa. but gaada confirm dari dev nya klo f stands for this and that,f nya fox yaa but gaada confirm dari dev nya klo f stands for this and that
"bisa juga f itu fox, rubah, hinako dinikahin manusia topeng rubah",bisa juga f itu fox rubah hinako dinikahin manusia topeng rubah
f itu forte kocak,f itu forte kocak
"â€‹Â @ayaaayaa-n8eÂ fox, udah di confirm kok.",ayaaayaaneÂ fox udah di confirm kok
â€‹betull ka,betull ka
"Makasih bang, udah ngabisin puluhan jam mu buat namatin semua ending di game ini. Sampe rela main dari subuh sampe jam 8 pagi. Good game bang â¤",makasih bang udah ngabisin puluhan jam mu buat namatin semua ending di game ini sampe rela main dari subuh sampe jam  pagi good game bang
"GG dan W Konami, membuat game triple A yang tidak pernah gagal membuat pemain dan penonton nya penasaran dan semua aspek hampir ada di game ini dari yang mengerikan hingga moment lucu lucuan, cocok untuk rating 9 keatas W gameğŸ‰ğŸ‰",gg dan w konami membuat game triple a yang tidak pernah gagal membuat pemain dan penonton nya penasaran dan semua aspek hampir ada di game ini dari yang mengerikan hingga moment lucu lucuan cocok untuk rating  keatas w game
"Gini aja bang cara berpikir gampangnya. Mantan suami/istri itu ada, tapi mantan Anak gaada. Jadi anak tetaplah anak, gabisa dipisahkan. Kalo suami/istri bisa pisah menjadi mantan. Makanya Hinako bilang gitu",gini aja bang cara berpikir gampangnya mantan suamiistri itu ada tapi mantan anak gaada jadi anak tetaplah anak gabisa dipisahkan kalo suamiistri bisa pisah menjadi mantan makanya hinako bilang gitu
"Bang Windah, izin nyaranin satu game yang menurut gue bakal cocok banget sama gaya main abang, judulnya DREDGE.

Ini game mancing, tapi bukan mancing biasaâ€¦ makin malem suasananya berubah jadi horor dan misterius. Ceritanya juga dalem banget, penuh teka-teki, dan ada beberapa ending.

Mekaniknya gak ribet, visualnya cakep, dan yang paling penting viewers pasti enjoy banget. 

DLC-nya juga gokil bang, nambah misteri dan lore baru.

Gue yakin kalau abang mainin ini, bisa jadi salah satu seri yang memorable banget di channel. ğŸ™Œ","bang windah izin nyaranin satu game yang menurut gue bakal cocok banget sama gaya main abang judulnya dredge

ini game mancing tapi bukan mancing biasa makin malem suasananya berubah jadi horor dan misterius ceritanya juga dalem banget penuh tekateki dan ada beberapa ending

mekaniknya gak ribet visualnya cakep dan yang paling penting viewers pasti enjoy banget 

dlcnya juga gokil bang nambah misteri dan lore baru

gue yakin kalau abang mainin ini bisa jadi salah satu seri yang memorable banget di channel"
"bang, baik bangett?? kerennn, terimakasihhh yaaa",bang baik bangett kerennn terimakasihhh yaaa
"W windah sudah efforts tamatin semua ending game ini,dan gw salut sama pola pikir bang windah saat memecahkan misteri dari game ini, pokoknya w windah, sehat selalu bang.",w windah sudah efforts tamatin semua ending game inidan gw salut sama pola pikir bang windah saat memecahkan misteri dari game ini pokoknya w windah sehat selalu bang
"Statement Hinako itu bilang kalo Orang tuanya tidak memiliki hubungan darah, tapi mereka saling memahami, sedangkan Hinako yang dilahirkan oleh orang tuanya, dan memiliki hubungan darah, masa tidak memahami orang tuanya? Harusnya Hinako paham dong,  dan mencoba memahami orang tuanya, kurang lebih begitu bang",statement hinako itu bilang kalo orang tuanya tidak memiliki hubungan darah tapi mereka saling memahami sedangkan hinako yang dilahirkan oleh orang tuanya dan memiliki hubungan darah masa tidak memahami orang tuanya harusnya hinako paham dong  dan mencoba memahami orang tuanya kurang lebih begitu bang
"Smngt bg winda lu rela main dgn durasi panjang ngebuka banyak ending gk terlalu bnyak part2 yang ngegantung biar game lain jga bisa kemainin tpi di suatu sisi lain bocil2 bilang ngebosenin udh bg jng di dengerin gass trs jjr semenjak nonton lu bg yg suka translat2 basic english gua jdi lumayan di pke sehari2, damnmmâ¤",smngt bg winda lu rela main dgn durasi panjang ngebuka banyak ending gk terlalu bnyak part yang ngegantung biar game lain jga bisa kemainin tpi di suatu sisi lain bocil bilang ngebosenin udh bg jng di dengerin gass trs jjr semenjak nonton lu bg yg suka translat basic english gua jdi lumayan di pke sehari damnmm
"sedang menunggu notif bang Droomp dengan judul, PLOT: silent hill f",sedang menunggu notif bang droomp dengan judul plot silent hill f
"Bang lu keren banget, aku ngijutin perjakanan lu yg di chanel kedua juga. Respect sih, terutama kalau nge live dini hari/tengah malem. Terimakasih bang udah nyempetin buat nyari semua ending bahkan di tengah kesibukan lu itu.",bang lu keren banget aku ngijutin perjakanan lu yg di chanel kedua juga respect sih terutama kalau nge live dini haritengah malem terimakasih bang udah nyempetin buat nyari semua ending bahkan di tengah kesibukan lu itu
"Iya hanya karena sesuatu lebih mengikat bukan berarti pernikahan itu hal yang sepele, si hinako cuma bilang kalo ikatan darah itu lebih kuat dari pernikahan, bukan berarti pernikahan itu hal yang sepele",iya hanya karena sesuatu lebih mengikat bukan berarti pernikahan itu hal yang sepele si hinako cuma bilang kalo ikatan darah itu lebih kuat dari pernikahan bukan berarti pernikahan itu hal yang sepele
"BANG WINDAH NEXT GASS LANGSUNG MAININ GAME
"" GHOST OF YOTEI ""","bang windah next gass langsung mainin game
 ghost of yotei"
"1:25:00 ini scene paling ter-the best. Siapapun yang punya ibu/orang tua, pasti akan trenyuh.",ini scene paling terthe best siapapun yang punya ibuorang tua pasti akan trenyuh
2:29:50 WINDAH JACKSON BJIRğŸ˜ thriller nightt~,windah jackson bjir thriller nightt
"W bang windah, terima kasih karena udah full effort buat mengungkap seluruh endingnya. kamu udah nebus kesalahan kamu sebelumnya bang, karena itu aku cinta kamu bang ğŸ¥°",w bang windah terima kasih karena udah full effort buat mengungkap seluruh endingnya kamu udah nebus kesalahan kamu sebelumnya bang karena itu aku cinta kamu bang
1:45:05 kurama vs susanoo,kurama vs susanoo
jangan kekang windah :face-red-droopy-eyes::face-purple-crying::face-purple-crying::face-purple-crying::face-purple-crying:,jangan kekang windah facereddroopyeyesfacepurplecryingfacepurplecryingfacepurplecryingfacepurplecrying
effort bgt sii bg windah.makasih bg udh ungkap semua ending nya,effort bgt sii bg windahmakasih bg udh ungkap semua ending nya
23:06 bocil cari reza chill & games menyerangkah,bocil cari reza chill  games menyerangkah
yaallah banggg udah nungguin gajadi lagi,yaallah banggg udah nungguin gajadi lagi
Kelass Wanha stori,kelass wanha stori
ğŸ˜ŠğŸ˜Š,
